{
  "constants" : {
    "G" : 6.67430e-11,
    "c" : 2.99792488e8,
    "h" : 6.62607015e-34,
    "e" : 1.60217662e-19
  },
  "language" : "spanish"
}